{"avg_confidence": 0.7844399432207652, "neutral_ratio": 0.4313150443339268, "emotion_variance": 0.3205026024052978, "dominant_emotion_ratio": 0.8103802400632647, "emotion_entropy": 1.100237827873225}