{"eye_contact_duration": 0.4919543941290151, "head_turn_frequency": 4.472320352924092, "movement_intensity": 0.538290524283382, "body_sway_index": 0.5976782507389184, "gesture_count": 15}