{"avg_confidence": 0.6308643123691056, "neutral_ratio": 0.63760479191552, "emotion_variance": 0.21893314579029519, "dominant_emotion_ratio": 0.5966588713686337, "emotion_entropy": 0.949798574789334}