{"avg_confidence": 0.5411159036891404, "neutral_ratio": 0.6115345799041643, "emotion_variance": 0.1635798706595546, "dominant_emotion_ratio": 0.5384941568270238, "emotion_entropy": 0.5853085802692556}