{"eye_contact_duration": 0.3018222682447086, "head_turn_frequency": 7.070392066455561, "movement_intensity": 0.3008805690395555, "body_sway_index": 0.388672455327116, "gesture_count": 13}