{"avg_confidence": 0.8126208258058409, "neutral_ratio": 0.2606762042955802, "emotion_variance": 0.2271247745664794, "dominant_emotion_ratio": 0.7163362602564526, "emotion_entropy": 0.9246061274627696}