{"eye_contact_duration": 0.5553491329149285, "head_turn_frequency": 4.777778330884587, "movement_intensity": 0.5718078631231029, "body_sway_index": 0.4107156970400627, "gesture_count": 10}