{"avg_confidence": 0.6734671752129803, "neutral_ratio": 0.7895973028776755, "emotion_variance": 0.2780782103890509, "dominant_emotion_ratio": 0.5159905763194412, "emotion_entropy": 1.051910024501877}