{"avg_confidence": 0.46976601797605433, "neutral_ratio": 0.7399562556728005, "emotion_variance": 0.289418991982431, "dominant_emotion_ratio": 0.5495837256175938, "emotion_entropy": 1.1123355793067007}