{"eye_contact_duration": 0.2736617778484735, "head_turn_frequency": 8.414841314607674, "movement_intensity": 0.46790411442454466, "body_sway_index": 0.42734461291820547, "gesture_count": 9}