{"avg_confidence": 0.8031913673259797, "neutral_ratio": 0.39069545279606754, "emotion_variance": 0.4526960018847124, "dominant_emotion_ratio": 0.6221215898661975, "emotion_entropy": 1.0035386346748387}