{"eye_contact_duration": 0.6984252745798268, "head_turn_frequency": 2.8955563290450685, "movement_intensity": 0.5435480841481874, "body_sway_index": 0.24773890638511117, "gesture_count": 13}