{"avg_confidence": 0.7331157457303397, "neutral_ratio": 0.4267464246453662, "emotion_variance": 0.4383457846003179, "dominant_emotion_ratio": 0.8436359552208198, "emotion_entropy": 0.9985986903760977}