{"eye_contact_duration": 0.5443502752492264, "head_turn_frequency": 4.24858989821556, "movement_intensity": 0.4264254110993867, "body_sway_index": 0.46538257518299775, "gesture_count": 16}