{"avg_confidence": 0.9468547252360651, "neutral_ratio": 0.28621012191110756, "emotion_variance": 0.33163378414029854, "dominant_emotion_ratio": 0.7346619689030816, "emotion_entropy": 1.5993890616433526}