{"eye_contact_duration": 0.8167956516482273, "head_turn_frequency": 2.1928555308976647, "movement_intensity": 0.536638231848847, "body_sway_index": 0.3264763430622634, "gesture_count": 15}