{"avg_confidence": 0.6903201515028909, "neutral_ratio": 0.37038353484877007, "emotion_variance": 0.35267067311622774, "dominant_emotion_ratio": 0.8497618795588534, "emotion_entropy": 1.3044138369715566}