{"eye_contact_duration": 0.6468082818998496, "head_turn_frequency": 2.373641504064179, "movement_intensity": 0.4948741580277544, "body_sway_index": 0.5753673571226727, "gesture_count": 17}