{"avg_confidence": 0.7723261542184776, "neutral_ratio": 0.46495195275240175, "emotion_variance": 0.30885174041976965, "dominant_emotion_ratio": 0.8019850237019743, "emotion_entropy": 1.6681620371806953}