{"eye_contact_duration": 0.7461568491224972, "head_turn_frequency": 3.1608347500874805, "movement_intensity": 0.5260436242534235, "body_sway_index": 0.4289822038483251, "gesture_count": 17}