{"avg_confidence": 0.6384702539748346, "neutral_ratio": 0.48226945505774915, "emotion_variance": 0.3493633863799978, "dominant_emotion_ratio": 0.6561448695337035, "emotion_entropy": 0.9326099092082197}