{"eye_contact_duration": 0.47819552021217615, "head_turn_frequency": 6.810502003402689, "movement_intensity": 0.4153800577342034, "body_sway_index": 0.6374876106027284, "gesture_count": 9}