{"avg_confidence": 0.7014107070796173, "neutral_ratio": 0.5516092990684173, "emotion_variance": 0.21044894764298114, "dominant_emotion_ratio": 0.8506119302452393, "emotion_entropy": 1.5942060447684316}