{"eye_contact_duration": 0.40677175610160776, "head_turn_frequency": 3.4369392806052717, "movement_intensity": 0.6161673348774445, "body_sway_index": 0.33045369986857637, "gesture_count": 8}