{
    "stability": 0.4018691588785047,
    "repetition": 0.4485981308411215,
    "transition_rate": 0.5981308411214953,
    "neutral_dominance": 0.4485981308411215,
    "confidence_variability": 0.03360788669989065,
    "emotion_diversity": 0.056074766355140186,
    "emotion_entropy": 2.139883727149771
}