{"avg_confidence": 0.5498645865867888, "neutral_ratio": 0.6886932400707014, "emotion_variance": 0.34303671711534806, "dominant_emotion_ratio": 0.5357665859577028, "emotion_entropy": 0.5510174178872795}