{"eye_contact_duration": 0.274291654494209, "head_turn_frequency": 6.352894866568622, "movement_intensity": 0.5079559199207457, "body_sway_index": 0.5132943420596784, "gesture_count": 13}