{"avg_confidence": 0.5973067662684444, "neutral_ratio": 0.7818942472809229, "emotion_variance": 0.23050954773017182, "dominant_emotion_ratio": 0.5053134204007252, "emotion_entropy": 0.7610471199899633}