{"avg_confidence": 0.5277981516937578, "neutral_ratio": 0.6815221322159095, "emotion_variance": 0.24984332070146614, "dominant_emotion_ratio": 0.6532126445520728, "emotion_entropy": 0.8666266391018083}