{"eye_contact_duration": 0.25051442349191544, "head_turn_frequency": 7.789353224799617, "movement_intensity": 0.42236550300242226, "body_sway_index": 0.5765092500706204, "gesture_count": 6}