{"avg_confidence": 0.8004869274777264, "neutral_ratio": 0.22507501958800094, "emotion_variance": 0.4824431264852175, "dominant_emotion_ratio": 0.7009912005238058, "emotion_entropy": 1.5572889071826896}