{"eye_contact_duration": 0.5600960736166061, "head_turn_frequency": 2.5426727405806515, "movement_intensity": 0.4551821588359017, "body_sway_index": 0.33142846517325253, "gesture_count": 16}