{"avg_confidence": 0.5250383742970721, "neutral_ratio": 0.759842035416821, "emotion_variance": 0.17662674851439278, "dominant_emotion_ratio": 0.5798779364040587, "emotion_entropy": 0.9693762616935724}