{"eye_contact_duration": 0.18802044814918178, "head_turn_frequency": 6.990436677021883, "movement_intensity": 0.3590930362617368, "body_sway_index": 0.3318141719942156, "gesture_count": 8}