{"avg_confidence": 0.618119207280619, "neutral_ratio": 0.3683803744080114, "emotion_variance": 0.3184145315460918, "dominant_emotion_ratio": 0.6724836242421965, "emotion_entropy": 1.068219526485536}