{"eye_contact_duration": 0.641707500127689, "head_turn_frequency": 4.677473331512704, "movement_intensity": 0.4949445441797475, "body_sway_index": 0.24377719889214383, "gesture_count": 12}