{"avg_confidence": 0.5302511753841777, "neutral_ratio": 0.8074162177373254, "emotion_variance": 0.22537192683946117, "dominant_emotion_ratio": 0.6116227800156367, "emotion_entropy": 0.9425201503915666}