{"eye_contact_duration": 0.2966823373076225, "head_turn_frequency": 5.065932963690521, "movement_intensity": 0.4127522708468022, "body_sway_index": 0.6249352769734213, "gesture_count": 14}