{"avg_confidence": 0.7448601435036014, "neutral_ratio": 0.33940315522394515, "emotion_variance": 0.3466152824339967, "dominant_emotion_ratio": 0.6300104367747922, "emotion_entropy": 1.4918137106011022}