{"eye_contact_duration": 0.6080215477693011, "head_turn_frequency": 2.533813035365483, "movement_intensity": 0.5809092481521281, "body_sway_index": 0.4431570489339898, "gesture_count": 13}