{"avg_confidence": 0.47609895040916433, "neutral_ratio": 0.810371952825899, "emotion_variance": 0.30823023626139345, "dominant_emotion_ratio": 0.6745982490432387, "emotion_entropy": 1.0593610235056239}