{"eye_contact_duration": 0.27864679882338494, "head_turn_frequency": 5.864749297462508, "movement_intensity": 0.25155965945216924, "body_sway_index": 0.6068982943459185, "gesture_count": 10}