{"avg_confidence": 0.8440543787940425, "neutral_ratio": 0.35457006190864737, "emotion_variance": 0.28718459484373393, "dominant_emotion_ratio": 0.8734935848928952, "emotion_entropy": 1.62093302809035}