{"eye_contact_duration": 0.717639903872203, "head_turn_frequency": 3.180371322275855, "movement_intensity": 0.4155123057439878, "body_sway_index": 0.5122613390530539, "gesture_count": 18}