{"avg_confidence": 0.49290510483150146, "neutral_ratio": 0.7075396122939377, "emotion_variance": 0.329600907200561, "dominant_emotion_ratio": 0.674653529953899, "emotion_entropy": 0.9669896148840513}