{"eye_contact_duration": 0.37702155223936096, "head_turn_frequency": 6.7894898552424765, "movement_intensity": 0.31728454233363257, "body_sway_index": 0.5298559560664758, "gesture_count": 6}