{"avg_confidence": 0.5798244521949819, "neutral_ratio": 0.7369672291535116, "emotion_variance": 0.2405626655654738, "dominant_emotion_ratio": 0.6603481827727874, "emotion_entropy": 1.0073203053449507}