{"eye_contact_duration": 0.25164692247237275, "head_turn_frequency": 5.814206865091777, "movement_intensity": 0.37400618687038284, "body_sway_index": 0.5314038251812384, "gesture_count": 12}