{"avg_confidence": 0.8562144074750759, "neutral_ratio": 0.49411181279886307, "emotion_variance": 0.30291727898122933, "dominant_emotion_ratio": 0.6954996750478755, "emotion_entropy": 1.7798974714515272}