{"eye_contact_duration": 0.5916425589374129, "head_turn_frequency": 1.2159096385715422, "movement_intensity": 0.7392670585517847, "body_sway_index": 0.4037265310323349, "gesture_count": 15}