{"avg_confidence": 0.8376839559640559, "neutral_ratio": 0.3375184985421948, "emotion_variance": 0.49280460515267827, "dominant_emotion_ratio": 0.731290468644581, "emotion_entropy": 1.4103773747149035}