{"eye_contact_duration": 0.5328900533034243, "head_turn_frequency": 2.845687063439033, "movement_intensity": 0.7757656354333485, "body_sway_index": 0.2107176823240271, "gesture_count": 10}