{"avg_confidence": 0.45807186529428306, "neutral_ratio": 0.6197216020033955, "emotion_variance": 0.205879500662931, "dominant_emotion_ratio": 0.5729111242396105, "emotion_entropy": 0.5768006330929802}