{"eye_contact_duration": 0.36479007754835185, "head_turn_frequency": 7.631866384380392, "movement_intensity": 0.5390428434352013, "body_sway_index": 0.44617678125836635, "gesture_count": 5}