{"avg_confidence": 0.9381185905357433, "neutral_ratio": 0.20855462376565645, "emotion_variance": 0.3610094476826757, "dominant_emotion_ratio": 0.6854511320317946, "emotion_entropy": 1.5480444600728647}