{"eye_contact_duration": 0.7688504216245333, "head_turn_frequency": 2.3330002451509566, "movement_intensity": 0.6940895580403161, "body_sway_index": 0.3355575052026464, "gesture_count": 9}