{"avg_confidence": 0.7370604968369006, "neutral_ratio": 0.7476082675884863, "emotion_variance": 0.3117185144134218, "dominant_emotion_ratio": 0.5767321239927945, "emotion_entropy": 0.5732900142925199}