{"eye_contact_duration": 0.4297118619730409, "head_turn_frequency": 5.058798593360764, "movement_intensity": 0.46624666292228883, "body_sway_index": 0.44682605823728516, "gesture_count": 9}