{"avg_confidence": 0.598510752535879, "neutral_ratio": 0.6736815844737302, "emotion_variance": 0.3266838748150874, "dominant_emotion_ratio": 0.5585569182138453, "emotion_entropy": 0.7605068374268873}