{"avg_confidence": 0.8917741088610366, "neutral_ratio": 0.5602302945639881, "emotion_variance": 0.429631662753041, "dominant_emotion_ratio": 0.806511326786475, "emotion_entropy": 1.4223829234049687}