{"eye_contact_duration": 0.6983908136105265, "head_turn_frequency": 5.937076464702509, "movement_intensity": 0.6992368946528975, "body_sway_index": 0.4068892442873149, "gesture_count": 18}