{"avg_confidence": 0.7559851578431799, "neutral_ratio": 0.21944110073912468, "emotion_variance": 0.4438580347302114, "dominant_emotion_ratio": 0.8804062363132958, "emotion_entropy": 1.5355251756052075}