{"eye_contact_duration": 0.7394618939257422, "head_turn_frequency": 4.9415733304003275, "movement_intensity": 0.527852325339788, "body_sway_index": 0.5229781759144907, "gesture_count": 14}