{"avg_confidence": 0.6284639244735224, "neutral_ratio": 0.8115694268311591, "emotion_variance": 0.26170643062249943, "dominant_emotion_ratio": 0.6970039706846187, "emotion_entropy": 0.8628872194385258}