{"eye_contact_duration": 0.33264162246640017, "head_turn_frequency": 7.306123192622167, "movement_intensity": 0.5463558201577138, "body_sway_index": 0.6347509365508942, "gesture_count": 7}