{"avg_confidence": 0.4631456043961029, "neutral_ratio": 0.771247524362694, "emotion_variance": 0.18608248832127694, "dominant_emotion_ratio": 0.6890607348977122, "emotion_entropy": 0.7709315910410702}