{"eye_contact_duration": 0.31297761702234883, "head_turn_frequency": 7.154065504769192, "movement_intensity": 0.5005938318788714, "body_sway_index": 0.3425838797385911, "gesture_count": 7}