{"avg_confidence": 0.9192634196872322, "neutral_ratio": 0.4041731511099481, "emotion_variance": 0.2548479624331805, "dominant_emotion_ratio": 0.8512538244805319, "emotion_entropy": 1.4913609092588662}