{"eye_contact_duration": 0.7650955978437606, "head_turn_frequency": 3.274907427356188, "movement_intensity": 0.6941300388709328, "body_sway_index": 0.30127862242479975, "gesture_count": 17}