{"avg_confidence": 0.7040509180012179, "neutral_ratio": 0.7658714581151138, "emotion_variance": 0.15879870583275849, "dominant_emotion_ratio": 0.535311561865076, "emotion_entropy": 0.5602864356316672}