{"eye_contact_duration": 0.4390050124066316, "head_turn_frequency": 6.720931483433671, "movement_intensity": 0.253549726789179, "body_sway_index": 0.6516933603162631, "gesture_count": 8}