{"avg_confidence": 0.9467217249431619, "neutral_ratio": 0.476505768794604, "emotion_variance": 0.4248917244919126, "dominant_emotion_ratio": 0.7636076369993199, "emotion_entropy": 1.7185528910088508}