{"eye_contact_duration": 0.6621702924477717, "head_turn_frequency": 4.267191577092775, "movement_intensity": 0.520191299222679, "body_sway_index": 0.32303492092758856, "gesture_count": 11}