{"avg_confidence": 0.6329157694929052, "neutral_ratio": 0.6696420183631849, "emotion_variance": 0.3353413020882837, "dominant_emotion_ratio": 0.6922158198997428, "emotion_entropy": 1.0453397382673981}