{"eye_contact_duration": 0.1680094249691707, "head_turn_frequency": 6.10898542011812, "movement_intensity": 0.43166307200936727, "body_sway_index": 0.5945856306718456, "gesture_count": 7}