{"avg_confidence": 0.7358292607768244, "neutral_ratio": 0.7837714809622426, "emotion_variance": 0.26674870319642474, "dominant_emotion_ratio": 0.6904559319304375, "emotion_entropy": 0.935187979116364}