{"eye_contact_duration": 0.1939784965611081, "head_turn_frequency": 6.798711229320002, "movement_intensity": 0.5346853710244772, "body_sway_index": 0.6797621864102307, "gesture_count": 9}