{"avg_confidence": 0.5048097361898612, "neutral_ratio": 0.6385746493643636, "emotion_variance": 0.2812343632862515, "dominant_emotion_ratio": 0.682885946510364, "emotion_entropy": 1.1358388643361743}