{"eye_contact_duration": 0.4337364231686892, "head_turn_frequency": 5.054181539518726, "movement_intensity": 0.5033064100771166, "body_sway_index": 0.6298123294784346, "gesture_count": 13}