{"avg_confidence": 0.5164753499540257, "neutral_ratio": 0.6292284776299367, "emotion_variance": 0.34939163771621623, "dominant_emotion_ratio": 0.5691167330999821, "emotion_entropy": 0.6392617674023203}