{"eye_contact_duration": 0.3558481891513977, "head_turn_frequency": 5.682700458217925, "movement_intensity": 0.3671576550624043, "body_sway_index": 0.4397572948792625, "gesture_count": 7}