{"avg_confidence": 0.7287186851892822, "neutral_ratio": 0.455759541848603, "emotion_variance": 0.39845692149808654, "dominant_emotion_ratio": 0.828904049932172, "emotion_entropy": 1.783244267036931}