{"eye_contact_duration": 0.6022762976600422, "head_turn_frequency": 1.6242775168626307, "movement_intensity": 0.509720834996837, "body_sway_index": 0.36073475561685514, "gesture_count": 17}