{"avg_confidence": 0.5764799659760111, "neutral_ratio": 0.6282474911082252, "emotion_variance": 0.2652309705951513, "dominant_emotion_ratio": 0.5553829724192929, "emotion_entropy": 0.9809069580176055}