{"eye_contact_duration": 0.2585700588067108, "head_turn_frequency": 7.202018870833805, "movement_intensity": 0.4679815260589716, "body_sway_index": 0.46735549321048225, "gesture_count": 7}