{"avg_confidence": 0.6414272375248554, "neutral_ratio": 0.8358820056208298, "emotion_variance": 0.3263650932265782, "dominant_emotion_ratio": 0.531456064906824, "emotion_entropy": 1.054066353544974}