{"eye_contact_duration": 0.3244178233353888, "head_turn_frequency": 8.20867897531641, "movement_intensity": 0.3289773458738158, "body_sway_index": 0.37697754683251794, "gesture_count": 5}