{"avg_confidence": 0.716794608232319, "neutral_ratio": 0.6708220256584769, "emotion_variance": 0.21116924690238306, "dominant_emotion_ratio": 0.6648200819859038, "emotion_entropy": 0.6893251523578884}