{"avg_confidence": 0.5778899702342661, "neutral_ratio": 0.6836618110337567, "emotion_variance": 0.2055635061537788, "dominant_emotion_ratio": 0.6159131142000328, "emotion_entropy": 0.6383126217229045}