{"eye_contact_duration": 0.2487930147169058, "head_turn_frequency": 6.5529656402332, "movement_intensity": 0.3058414476171059, "body_sway_index": 0.6020543075168474, "gesture_count": 9}