{"avg_confidence": 0.7350672465812558, "neutral_ratio": 0.4261129932328584, "emotion_variance": 0.34963273227277214, "dominant_emotion_ratio": 0.7330179853065036, "emotion_entropy": 1.0330099056902433}