{"eye_contact_duration": 0.637566835562462, "head_turn_frequency": 2.219711794624939, "movement_intensity": 0.46275581214912287, "body_sway_index": 0.39268514885455946, "gesture_count": 16}