{"avg_confidence": 0.5024193128954306, "neutral_ratio": 0.8374521320682096, "emotion_variance": 0.19513937814264978, "dominant_emotion_ratio": 0.5008267374391632, "emotion_entropy": 0.9253175679631891}