{"eye_contact_duration": 0.30815954567347514, "head_turn_frequency": 6.424202333307335, "movement_intensity": 0.5100119192897412, "body_sway_index": 0.5976276942083871, "gesture_count": 7}