{"avg_confidence": 0.6383491528164642, "neutral_ratio": 0.5298267316688136, "emotion_variance": 0.3103543580090831, "dominant_emotion_ratio": 0.7567852822603266, "emotion_entropy": 1.449610185934075}