{"eye_contact_duration": 0.6477936460919262, "head_turn_frequency": 4.025741647405943, "movement_intensity": 0.428406319247336, "body_sway_index": 0.3787428146806938, "gesture_count": 16}