{"avg_confidence": 0.8050969340958704, "neutral_ratio": 0.2641992253053594, "emotion_variance": 0.4439862666550102, "dominant_emotion_ratio": 0.6424917134751159, "emotion_entropy": 1.6723221512378874}