{"eye_contact_duration": 0.4519233262252725, "head_turn_frequency": 2.9775302388227103, "movement_intensity": 0.7266966156646785, "body_sway_index": 0.2638999912654255, "gesture_count": 12}