{"avg_confidence": 0.9477869148108073, "neutral_ratio": 0.21773490358037104, "emotion_variance": 0.3407958450263639, "dominant_emotion_ratio": 0.7745272372181959, "emotion_entropy": 1.1972113697300377}