{"eye_contact_duration": 0.7478691318574373, "head_turn_frequency": 3.5980705101459733, "movement_intensity": 0.4388142553516911, "body_sway_index": 0.2542429193670643, "gesture_count": 18}