{"avg_confidence": 0.902557470011214, "neutral_ratio": 0.27488067646144126, "emotion_variance": 0.2530428613298814, "dominant_emotion_ratio": 0.7880151810944712, "emotion_entropy": 1.1688170309278942}