{"eye_contact_duration": 0.5205707289060909, "head_turn_frequency": 2.757271694448864, "movement_intensity": 0.49026374076705914, "body_sway_index": 0.31352402087631137, "gesture_count": 15}