{"avg_confidence": 0.7012878895689656, "neutral_ratio": 0.410310113555859, "emotion_variance": 0.23900339124386555, "dominant_emotion_ratio": 0.8919281685998288, "emotion_entropy": 1.6845314697908687}