{"eye_contact_duration": 0.6090847729839466, "head_turn_frequency": 4.989927753477811, "movement_intensity": 0.6023812198327815, "body_sway_index": 0.3952207356694011, "gesture_count": 14}