{"avg_confidence": 0.4871611460921571, "neutral_ratio": 0.7047801328251898, "emotion_variance": 0.33772631607610915, "dominant_emotion_ratio": 0.5244622104781816, "emotion_entropy": 1.1139101656104522}