{"eye_contact_duration": 0.170641415308501, "head_turn_frequency": 5.236795897974882, "movement_intensity": 0.3687858997168863, "body_sway_index": 0.6060792725790585, "gesture_count": 8}