{"avg_confidence": 0.8395156508603773, "neutral_ratio": 0.4241637916642489, "emotion_variance": 0.23406298014847096, "dominant_emotion_ratio": 0.6883843799605367, "emotion_entropy": 1.5049208612686094}