{"eye_contact_duration": 0.486525754841019, "head_turn_frequency": 4.96822549510439, "movement_intensity": 0.42095053518853515, "body_sway_index": 0.5036728243270898, "gesture_count": 16}