{"avg_confidence": 0.5613709144862143, "neutral_ratio": 0.806257383242263, "emotion_variance": 0.2521448512734019, "dominant_emotion_ratio": 0.6709027720290972, "emotion_entropy": 0.9298913927497539}