{"avg_confidence": 0.8421844422921344, "neutral_ratio": 0.4454099463077708, "emotion_variance": 0.4734613296417316, "dominant_emotion_ratio": 0.6074168229012874, "emotion_entropy": 1.1742423855157396}