{"eye_contact_duration": 0.45522457764271973, "head_turn_frequency": 4.56479887245291, "movement_intensity": 0.5851332104765676, "body_sway_index": 0.5927108237329286, "gesture_count": 16}