{"avg_confidence": 0.9008152176880999, "neutral_ratio": 0.3452890609578828, "emotion_variance": 0.32536962818056536, "dominant_emotion_ratio": 0.7668788751445128, "emotion_entropy": 1.7433797822202473}