{"eye_contact_duration": 0.4974410582735401, "head_turn_frequency": 4.596445009080574, "movement_intensity": 0.6947931397710352, "body_sway_index": 0.3657182780237699, "gesture_count": 14}