{"avg_confidence": 0.6057856837488605, "neutral_ratio": 0.6155776746788253, "emotion_variance": 0.2466554116415724, "dominant_emotion_ratio": 0.6561368795307824, "emotion_entropy": 0.6211290195073185}