{"eye_contact_duration": 0.4214083247592675, "head_turn_frequency": 6.212018011566834, "movement_intensity": 0.4890111945778578, "body_sway_index": 0.6600213944609761, "gesture_count": 5}