{"avg_confidence": 0.6782432702582492, "neutral_ratio": 0.30113262413152997, "emotion_variance": 0.38514981100189916, "dominant_emotion_ratio": 0.7340945087084741, "emotion_entropy": 1.3839771231680482}