{"eye_contact_duration": 0.5155069830226527, "head_turn_frequency": 1.9037935294005779, "movement_intensity": 0.4849653599118519, "body_sway_index": 0.35239482396871585, "gesture_count": 8}