{"avg_confidence": 0.6168142951444227, "neutral_ratio": 0.7721649882991872, "emotion_variance": 0.1786926271261882, "dominant_emotion_ratio": 0.5765075068676652, "emotion_entropy": 0.5256529352882837}