{"eye_contact_duration": 0.40122573359761704, "head_turn_frequency": 6.058585018423694, "movement_intensity": 0.5308425140424289, "body_sway_index": 0.4338577289055119, "gesture_count": 8}