{"avg_confidence": 0.6218731775109815, "neutral_ratio": 0.620681733724215, "emotion_variance": 0.25549148324155435, "dominant_emotion_ratio": 0.5841797763151055, "emotion_entropy": 1.0056445991276135}