{"eye_contact_duration": 0.3798903882922743, "head_turn_frequency": 8.235280917237802, "movement_intensity": 0.5220422856603841, "body_sway_index": 0.6494665573458875, "gesture_count": 5}