{"avg_confidence": 0.8885862906266114, "neutral_ratio": 0.3426971607227099, "emotion_variance": 0.25336889969225007, "dominant_emotion_ratio": 0.6347481230611584, "emotion_entropy": 1.7674160674754926}