{"eye_contact_duration": 0.6815637633424121, "head_turn_frequency": 1.9207606597456217, "movement_intensity": 0.7878278015298195, "body_sway_index": 0.34085835983367546, "gesture_count": 8}