{"avg_confidence": 0.847947488363535, "neutral_ratio": 0.5474206215960011, "emotion_variance": 0.4379693208434411, "dominant_emotion_ratio": 0.7703613220099071, "emotion_entropy": 1.6533461480833438}