{"eye_contact_duration": 0.6191960103179226, "head_turn_frequency": 3.2257270469494634, "movement_intensity": 0.6208227900177945, "body_sway_index": 0.4738135294838302, "gesture_count": 13}