{"avg_confidence": 0.7556830887018579, "neutral_ratio": 0.41586063992495736, "emotion_variance": 0.45647266058303076, "dominant_emotion_ratio": 0.6066520626687929, "emotion_entropy": 1.4425973317536152}