{"eye_contact_duration": 0.642066473944945, "head_turn_frequency": 4.163791001900367, "movement_intensity": 0.6164775256514247, "body_sway_index": 0.4684590405591278, "gesture_count": 8}