{"avg_confidence": 0.8428380396633549, "neutral_ratio": 0.3287622067011847, "emotion_variance": 0.37930899828718656, "dominant_emotion_ratio": 0.7158392256866957, "emotion_entropy": 1.1904191894373803}