{"eye_contact_duration": 0.753425874339817, "head_turn_frequency": 1.071907673607965, "movement_intensity": 0.4324909123465346, "body_sway_index": 0.24651202150743734, "gesture_count": 17}