{"avg_confidence": 0.6381108257912691, "neutral_ratio": 0.6736054716292894, "emotion_variance": 0.24100790121066945, "dominant_emotion_ratio": 0.6149227644530115, "emotion_entropy": 1.0664829374379596}