{"eye_contact_duration": 0.19468981195767113, "head_turn_frequency": 6.263977521947824, "movement_intensity": 0.2847598881868476, "body_sway_index": 0.5542670972297266, "gesture_count": 11}