{"avg_confidence": 0.7966941620714794, "neutral_ratio": 0.3980512187462123, "emotion_variance": 0.2051619577806663, "dominant_emotion_ratio": 0.7333226580683065, "emotion_entropy": 1.644116573103499}