{"eye_contact_duration": 0.7129841653996492, "head_turn_frequency": 3.7121349103812014, "movement_intensity": 0.5528428898779822, "body_sway_index": 0.27925986732292657, "gesture_count": 17}