{"avg_confidence": 0.8985323735705297, "neutral_ratio": 0.47019023586403963, "emotion_variance": 0.32369028181534276, "dominant_emotion_ratio": 0.672568279373827, "emotion_entropy": 0.9010788847365995}