{"eye_contact_duration": 0.6385156217389271, "head_turn_frequency": 1.7300453963208606, "movement_intensity": 0.47731707281836355, "body_sway_index": 0.27037569887886326, "gesture_count": 12}