{"avg_confidence": 0.7552838747475348, "neutral_ratio": 0.46923863629203205, "emotion_variance": 0.4404461443383817, "dominant_emotion_ratio": 0.6331552148490249, "emotion_entropy": 1.5853413361846664}