{"eye_contact_duration": 0.632542742862389, "head_turn_frequency": 3.317310254996275, "movement_intensity": 0.797323647745316, "body_sway_index": 0.47970995415232526, "gesture_count": 8}