{"avg_confidence": 0.6374803716674352, "neutral_ratio": 0.816978199457139, "emotion_variance": 0.23626711655229826, "dominant_emotion_ratio": 0.6043521827323028, "emotion_entropy": 0.8835183365119508}