{"eye_contact_duration": 0.23850695941885847, "head_turn_frequency": 5.907464718738648, "movement_intensity": 0.32338251245198857, "body_sway_index": 0.6095772305035638, "gesture_count": 13}