{"avg_confidence": 0.9088701541128636, "neutral_ratio": 0.2315152186591686, "emotion_variance": 0.20061119840510733, "dominant_emotion_ratio": 0.7856140402482177, "emotion_entropy": 1.3306741586735622}