{"eye_contact_duration": 0.7499484469823061, "head_turn_frequency": 3.033211786970826, "movement_intensity": 0.5380248539794533, "body_sway_index": 0.5310162885385743, "gesture_count": 14}