{"avg_confidence": 0.6033912076416963, "neutral_ratio": 0.8186244964051097, "emotion_variance": 0.30622430577533966, "dominant_emotion_ratio": 0.6336840814992407, "emotion_entropy": 0.7495028006171972}