{"eye_contact_duration": 0.2479626240524422, "head_turn_frequency": 7.384561196621638, "movement_intensity": 0.289502170672529, "body_sway_index": 0.5458720773979404, "gesture_count": 10}