{"avg_confidence": 0.8750046359193089, "neutral_ratio": 0.32419743572388166, "emotion_variance": 0.3556158621988582, "dominant_emotion_ratio": 0.8108759128886986, "emotion_entropy": 0.940546834212271}