{"eye_contact_duration": 0.5910004406831075, "head_turn_frequency": 4.9192073686211835, "movement_intensity": 0.7809681330258116, "body_sway_index": 0.4202043683392652, "gesture_count": 18}