{"avg_confidence": 0.8848991914171265, "neutral_ratio": 0.44598481332215656, "emotion_variance": 0.3386429308221623, "dominant_emotion_ratio": 0.8371393647245648, "emotion_entropy": 1.2846736895190878}