{"eye_contact_duration": 0.4598826937832951, "head_turn_frequency": 2.0434866493122095, "movement_intensity": 0.5839743593662658, "body_sway_index": 0.3758799664667468, "gesture_count": 14}