{"avg_confidence": 0.6586090814852967, "neutral_ratio": 0.7479086686068475, "emotion_variance": 0.2809851959527439, "dominant_emotion_ratio": 0.6644442104210121, "emotion_entropy": 0.9971386673900109}