{"eye_contact_duration": 0.18041931959176083, "head_turn_frequency": 8.787874464939158, "movement_intensity": 0.2634714659814945, "body_sway_index": 0.49457603730100136, "gesture_count": 7}