{
    "stability": 0.383177570093458,
    "repetition": 0.4392523364485981,
    "transition_rate": 0.616822429906542,
    "neutral_dominance": 0.4392523364485981,
    "confidence_variability": 0.03412873193199242,
    "emotion_diversity": 0.056074766355140186,
    "emotion_entropy": 2.172594054615013
}