{
    "stability": 0.5104166666666667,
    "repetition": 0.4583333333333333,
    "transition_rate": 0.4895833333333333,
    "neutral_dominance": 0.23958333333333334,
    "confidence_variability": 0.023488631320241787,
    "emotion_diversity": 0.07291666666666667,
    "emotion_entropy": 2.0961295802282542
}