{
    "stability": 0.5662650602409638,
    "repetition": 0.4819277108433735,
    "transition_rate": 0.43373493975903615,
    "neutral_dominance": 0.012048192771084338,
    "confidence_variability": 0.021161848803979807,
    "emotion_diversity": 0.07228915662650602,
    "emotion_entropy": 1.7933851854949114
}