{
    "stability": 0.4961832061068703,
    "repetition": 0.4580152671755725,
    "transition_rate": 0.5038167938931297,
    "neutral_dominance": 0.15267175572519084,
    "confidence_variability": 0.03127064350409583,
    "emotion_diversity": 0.04580152671755725,
    "emotion_entropy": 2.1102246717284014
}