{
    "stability": 0.39245283018867927,
    "repetition": 0.41132075471698115,
    "transition_rate": 0.6075471698113207,
    "neutral_dominance": 0.15471698113207547,
    "confidence_variability": 0.03040527882230535,
    "emotion_diversity": 0.022641509433962263,
    "emotion_entropy": 2.102835845370045
}