{
    "stability": 0.45945945945945943,
    "repetition": 0.44594594594594594,
    "transition_rate": 0.5405405405405406,
    "neutral_dominance": 0.02702702702702703,
    "confidence_variability": 0.030042844127554966,
    "emotion_diversity": 0.06756756756756757,
    "emotion_entropy": 1.9262463253646551
}