{
    "stability": 0.3513513513513513,
    "repetition": 0.40540540540540543,
    "transition_rate": 0.6486486486486487,
    "neutral_dominance": 0.3783783783783784,
    "confidence_variability": 0.030132571540279554,
    "emotion_diversity": 0.13513513513513514,
    "emotion_entropy": 1.873882946270926
}