{"avg_confidence": 0.5197895916797275, "neutral_ratio": 0.728795308651779, "emotion_variance": 0.2670377817966273, "dominant_emotion_ratio": 0.6889636654442606, "emotion_entropy": 0.7478615636656798}