{"eye_contact_duration": 0.2587698594255855, "head_turn_frequency": 8.443231101540125, "movement_intensity": 0.2885403087690318, "body_sway_index": 0.679879064081893, "gesture_count": 13}