{"avg_confidence": 0.4685091159563203, "neutral_ratio": 0.7355215667126819, "emotion_variance": 0.19923690254719126, "dominant_emotion_ratio": 0.6791676506584264, "emotion_entropy": 1.180992819836248}