{"eye_contact_duration": 0.3149398447425864, "head_turn_frequency": 5.595721414145013, "movement_intensity": 0.44229048003119387, "body_sway_index": 0.5998342481122414, "gesture_count": 5}