{"avg_confidence": 0.5336986442775193, "neutral_ratio": 0.8368625527863771, "emotion_variance": 0.1957218268175452, "dominant_emotion_ratio": 0.5498209260280027, "emotion_entropy": 1.137147037546554}