{"eye_contact_duration": 0.18681414918810604, "head_turn_frequency": 7.431478375723231, "movement_intensity": 0.33522606846615816, "body_sway_index": 0.47366368664217184, "gesture_count": 8}