{"avg_confidence": 0.6292618203807782, "neutral_ratio": 0.7515929438309568, "emotion_variance": 0.2906806254969265, "dominant_emotion_ratio": 0.5730818188949206, "emotion_entropy": 1.1721715793752732}