{"eye_contact_duration": 0.18986454823578697, "head_turn_frequency": 8.20296234400508, "movement_intensity": 0.5214703530436824, "body_sway_index": 0.36462473980949844, "gesture_count": 9}