{"avg_confidence": 0.7570857160636107, "neutral_ratio": 0.3523137586553833, "emotion_variance": 0.24801745566384753, "dominant_emotion_ratio": 0.859329657196829, "emotion_entropy": 1.3930540452225475}