{"eye_contact_duration": 0.4980043996772182, "head_turn_frequency": 2.1728466896381624, "movement_intensity": 0.5333452585772501, "body_sway_index": 0.3530848335703237, "gesture_count": 12}