{"avg_confidence": 0.7166949093792787, "neutral_ratio": 0.683725710471971, "emotion_variance": 0.17191062726373219, "dominant_emotion_ratio": 0.6114289632673761, "emotion_entropy": 0.5966297012360484}