{"eye_contact_duration": 0.44673441998879027, "head_turn_frequency": 5.121329228050772, "movement_intensity": 0.2911893694170554, "body_sway_index": 0.649049753620806, "gesture_count": 5}