{"avg_confidence": 0.9251683147441256, "neutral_ratio": 0.2251348191587501, "emotion_variance": 0.21640256096062543, "dominant_emotion_ratio": 0.815447366278536, "emotion_entropy": 1.5049350584674115}