{"eye_contact_duration": 0.6322269864690696, "head_turn_frequency": 4.290613557567393, "movement_intensity": 0.7779515678010436, "body_sway_index": 0.39051491595793, "gesture_count": 8}