{"avg_confidence": 0.9467286505605272, "neutral_ratio": 0.25573842085301013, "emotion_variance": 0.2751577371539183, "dominant_emotion_ratio": 0.850117991005438, "emotion_entropy": 1.4485499654405631}