{"eye_contact_duration": 0.5289639070645428, "head_turn_frequency": 4.06909738892366, "movement_intensity": 0.7305349048736315, "body_sway_index": 0.5818857549887699, "gesture_count": 18}