{"avg_confidence": 0.8512398372202389, "neutral_ratio": 0.4413867058375407, "emotion_variance": 0.4410589233777158, "dominant_emotion_ratio": 0.6554145916546225, "emotion_entropy": 0.913821253320986}