{"eye_contact_duration": 0.7049672735383956, "head_turn_frequency": 2.2793044599295538, "movement_intensity": 0.4156583959041637, "body_sway_index": 0.21374073609596614, "gesture_count": 13}