{"avg_confidence": 0.6406382304176075, "neutral_ratio": 0.787137051613256, "emotion_variance": 0.2640346203393639, "dominant_emotion_ratio": 0.6522795316532667, "emotion_entropy": 1.1461497691027354}