{"eye_contact_duration": 0.39735670097986686, "head_turn_frequency": 6.62401339058383, "movement_intensity": 0.2850926738882504, "body_sway_index": 0.35891973482668427, "gesture_count": 8}