{"avg_confidence": 0.7830215717916434, "neutral_ratio": 0.5672276986634464, "emotion_variance": 0.3763885887115921, "dominant_emotion_ratio": 0.7168151403881954, "emotion_entropy": 1.5748751205594749}