{"eye_contact_duration": 0.5930155976466548, "head_turn_frequency": 5.530929060304147, "movement_intensity": 0.5815003448133127, "body_sway_index": 0.26262862076357046, "gesture_count": 16}