{"avg_confidence": 0.5088116193632395, "neutral_ratio": 0.6288421097211212, "emotion_variance": 0.24872837720546453, "dominant_emotion_ratio": 0.5675643630148184, "emotion_entropy": 1.126571436711021}