{"eye_contact_duration": 0.3683970857694377, "head_turn_frequency": 8.925862259777643, "movement_intensity": 0.43386941645077215, "body_sway_index": 0.3461285408521001, "gesture_count": 11}