{"avg_confidence": 0.7884608033344169, "neutral_ratio": 0.24036489489841037, "emotion_variance": 0.29174049769642946, "dominant_emotion_ratio": 0.7394189993004086, "emotion_entropy": 1.4735988641062052}