{"eye_contact_duration": 0.681636843343957, "head_turn_frequency": 2.8861943828804795, "movement_intensity": 0.7445568137460532, "body_sway_index": 0.3359096051123328, "gesture_count": 17}