{"avg_confidence": 0.5932582332226807, "neutral_ratio": 0.7754076775973202, "emotion_variance": 0.17808476414968652, "dominant_emotion_ratio": 0.5697575835500562, "emotion_entropy": 1.110193417300147}