{"eye_contact_duration": 0.3107055044270116, "head_turn_frequency": 8.29244261123375, "movement_intensity": 0.4813375259561412, "body_sway_index": 0.36982944694388425, "gesture_count": 15}