{"avg_confidence": 0.8812631971107022, "neutral_ratio": 0.4975559171737575, "emotion_variance": 0.4758557269367019, "dominant_emotion_ratio": 0.6304815057887617, "emotion_entropy": 1.5333285544256414}