{"eye_contact_duration": 0.48797449974367, "head_turn_frequency": 4.192088497042144, "movement_intensity": 0.567120603917207, "body_sway_index": 0.4112557284105445, "gesture_count": 9}