{"avg_confidence": 0.8896084239069213, "neutral_ratio": 0.20523289035173786, "emotion_variance": 0.4132226989050193, "dominant_emotion_ratio": 0.8044916605765019, "emotion_entropy": 0.9688266723003516}