{"eye_contact_duration": 0.4651203312741932, "head_turn_frequency": 1.843982643640222, "movement_intensity": 0.5041855209707964, "body_sway_index": 0.2699905816189634, "gesture_count": 11}