{"avg_confidence": 0.5867114511598914, "neutral_ratio": 0.6578583012990846, "emotion_variance": 0.15027552205195072, "dominant_emotion_ratio": 0.6379475988988981, "emotion_entropy": 1.1880127962516505}