{"eye_contact_duration": 0.4148755741995162, "head_turn_frequency": 4.243761551129948, "movement_intensity": 0.4487676030225594, "body_sway_index": 0.32043720343853505, "gesture_count": 13}