{"avg_confidence": 0.6612208772567554, "neutral_ratio": 0.6920053154969908, "emotion_variance": 0.27327270808372545, "dominant_emotion_ratio": 0.5068366709685466, "emotion_entropy": 1.149700387193543}