{"eye_contact_duration": 0.34511850143935585, "head_turn_frequency": 8.024884699161055, "movement_intensity": 0.32642510334668795, "body_sway_index": 0.6491709358343377, "gesture_count": 13}