{"avg_confidence": 0.7111474901045816, "neutral_ratio": 0.644978121089076, "emotion_variance": 0.2863484249364958, "dominant_emotion_ratio": 0.6957780597595304, "emotion_entropy": 0.9438703884657114}