{"avg_confidence": 0.6829140892896596, "neutral_ratio": 0.3084364727877041, "emotion_variance": 0.4837411965042875, "dominant_emotion_ratio": 0.8973136031003435, "emotion_entropy": 1.7347899561042226}