{"eye_contact_duration": 0.5499982295382418, "head_turn_frequency": 4.8905071358105365, "movement_intensity": 0.5682043570062911, "body_sway_index": 0.20121956386006523, "gesture_count": 11}