{"avg_confidence": 0.8270361653088554, "neutral_ratio": 0.35512549604374377, "emotion_variance": 0.26326592800336535, "dominant_emotion_ratio": 0.6450231435833899, "emotion_entropy": 1.3459236117461697}