{"eye_contact_duration": 0.7132466308786873, "head_turn_frequency": 2.137755541918154, "movement_intensity": 0.5027531991367489, "body_sway_index": 0.25484478119411424, "gesture_count": 16}