{"avg_confidence": 0.9485512726893296, "neutral_ratio": 0.3799716351289878, "emotion_variance": 0.33812368867423903, "dominant_emotion_ratio": 0.6519306312011163, "emotion_entropy": 1.03980059130415}