{"eye_contact_duration": 0.6402744035736618, "head_turn_frequency": 3.0257699911780302, "movement_intensity": 0.4283824258328534, "body_sway_index": 0.3141617359289519, "gesture_count": 8}