{"avg_confidence": 0.7448171534147647, "neutral_ratio": 0.23083696359826403, "emotion_variance": 0.21881669694516565, "dominant_emotion_ratio": 0.6510195751428024, "emotion_entropy": 1.799496861735759}