{"eye_contact_duration": 0.4733333565844543, "head_turn_frequency": 3.6750224233147275, "movement_intensity": 0.7529308312308335, "body_sway_index": 0.2929824170296323, "gesture_count": 17}