{"avg_confidence": 0.6288957184053001, "neutral_ratio": 0.6744443387982175, "emotion_variance": 0.21689948075030457, "dominant_emotion_ratio": 0.6874245101454252, "emotion_entropy": 0.8912024197357046}