{"eye_contact_duration": 0.3491575104423931, "head_turn_frequency": 6.52499363279971, "movement_intensity": 0.254476218474018, "body_sway_index": 0.5183659571650275, "gesture_count": 15}