{"avg_confidence": 0.6558702598387061, "neutral_ratio": 0.8366215043952065, "emotion_variance": 0.24989530988980319, "dominant_emotion_ratio": 0.5861034811226524, "emotion_entropy": 0.9934947155131157}