{"eye_contact_duration": 0.21692540976325422, "head_turn_frequency": 8.275161398418708, "movement_intensity": 0.4800238311148831, "body_sway_index": 0.5449382346373095, "gesture_count": 14}