{"avg_confidence": 0.7214390737170556, "neutral_ratio": 0.41749514003125954, "emotion_variance": 0.24121675553925498, "dominant_emotion_ratio": 0.6785956739225855, "emotion_entropy": 0.8324953379347857}