{"eye_contact_duration": 0.5613769586030436, "head_turn_frequency": 4.325958686835428, "movement_intensity": 0.6760038521922931, "body_sway_index": 0.3672775504982516, "gesture_count": 11}