{"avg_confidence": 0.6763630912812004, "neutral_ratio": 0.7308793060156578, "emotion_variance": 0.22944245161947185, "dominant_emotion_ratio": 0.5187379909668859, "emotion_entropy": 1.0206810508820778}