{"eye_contact_duration": 0.22456437516850528, "head_turn_frequency": 8.968432657275443, "movement_intensity": 0.2691218824126747, "body_sway_index": 0.312901217431193, "gesture_count": 8}