{"avg_confidence": 0.5009368699313157, "neutral_ratio": 0.7649568391637976, "emotion_variance": 0.3126288934858623, "dominant_emotion_ratio": 0.5966363848629808, "emotion_entropy": 0.8980963949963119}