{"eye_contact_duration": 0.2980757308188685, "head_turn_frequency": 7.2015904080775535, "movement_intensity": 0.2612517774558423, "body_sway_index": 0.6813303791557378, "gesture_count": 9}