{"avg_confidence": 0.8959404739934551, "neutral_ratio": 0.4066930808492927, "emotion_variance": 0.21994089031662273, "dominant_emotion_ratio": 0.798024404051969, "emotion_entropy": 1.1770307266239153}