{"eye_contact_duration": 0.48881655380243993, "head_turn_frequency": 3.0758201291770457, "movement_intensity": 0.40769757464443485, "body_sway_index": 0.5657077546598326, "gesture_count": 10}