{"avg_confidence": 0.5793958420899994, "neutral_ratio": 0.651050343987928, "emotion_variance": 0.2943520600369063, "dominant_emotion_ratio": 0.6786811687087406, "emotion_entropy": 0.6915056210192345}