{"eye_contact_duration": 0.4325024391488035, "head_turn_frequency": 7.452620022223201, "movement_intensity": 0.49890903406605247, "body_sway_index": 0.4140987744828836, "gesture_count": 12}