{"avg_confidence": 0.88438176085759, "neutral_ratio": 0.2540179083467177, "emotion_variance": 0.37299806125485074, "dominant_emotion_ratio": 0.7197884718335719, "emotion_entropy": 1.4562520844134315}