{"eye_contact_duration": 0.6232419939725916, "head_turn_frequency": 2.429594952143789, "movement_intensity": 0.686972057626752, "body_sway_index": 0.5901068841963107, "gesture_count": 15}