{"avg_confidence": 0.9252668718920453, "neutral_ratio": 0.40231445242004626, "emotion_variance": 0.21843578043611173, "dominant_emotion_ratio": 0.8976730925849505, "emotion_entropy": 1.1650567752856182}