{"eye_contact_duration": 0.6397858013856299, "head_turn_frequency": 3.460784071660283, "movement_intensity": 0.4440385020565094, "body_sway_index": 0.3759520048097682, "gesture_count": 9}