{"avg_confidence": 0.7713005383872037, "neutral_ratio": 0.3888793607584208, "emotion_variance": 0.4715689369265242, "dominant_emotion_ratio": 0.8028290434966379, "emotion_entropy": 1.371787447599112}