{"eye_contact_duration": 0.5668799485355136, "head_turn_frequency": 2.5344757498680996, "movement_intensity": 0.7581207326570658, "body_sway_index": 0.331622244597034, "gesture_count": 18}