{"avg_confidence": 0.6064460948578352, "neutral_ratio": 0.8402744930002338, "emotion_variance": 0.26262628912984, "dominant_emotion_ratio": 0.5106464793492159, "emotion_entropy": 0.5220182584898981}