{"eye_contact_duration": 0.40515055531251887, "head_turn_frequency": 6.3924563328027055, "movement_intensity": 0.38137600659650533, "body_sway_index": 0.47633078476285495, "gesture_count": 13}