{"avg_confidence": 0.806298190766266, "neutral_ratio": 0.3613032127592287, "emotion_variance": 0.42675013366453485, "dominant_emotion_ratio": 0.6781000753191208, "emotion_entropy": 1.016978051813307}