{"eye_contact_duration": 0.6170089209667963, "head_turn_frequency": 2.9343901627557747, "movement_intensity": 0.6544212593778127, "body_sway_index": 0.3545615806187818, "gesture_count": 11}