{"avg_confidence": 0.6744448264886289, "neutral_ratio": 0.6767371765067158, "emotion_variance": 0.329177780081446, "dominant_emotion_ratio": 0.6388313749661791, "emotion_entropy": 0.9152992067321699}