{"eye_contact_duration": 0.3883107129825734, "head_turn_frequency": 8.906051690518357, "movement_intensity": 0.5371231436903436, "body_sway_index": 0.6717907148348835, "gesture_count": 5}