{"avg_confidence": 0.6940550812160617, "neutral_ratio": 0.38789831473536096, "emotion_variance": 0.4439894811270649, "dominant_emotion_ratio": 0.6098503489150012, "emotion_entropy": 1.7096770914954142}