{"eye_contact_duration": 0.45196213483011577, "head_turn_frequency": 3.3230984705866686, "movement_intensity": 0.47076437491374085, "body_sway_index": 0.5884369548177735, "gesture_count": 13}