{"avg_confidence": 0.9227845520377356, "neutral_ratio": 0.2308655719765282, "emotion_variance": 0.276955652879053, "dominant_emotion_ratio": 0.8041596448516668, "emotion_entropy": 1.676518769643923}