{"eye_contact_duration": 0.5877136356162899, "head_turn_frequency": 2.9579802168501783, "movement_intensity": 0.4112894465605721, "body_sway_index": 0.354038337722096, "gesture_count": 12}