{"avg_confidence": 0.7661357146522589, "neutral_ratio": 0.312763255031181, "emotion_variance": 0.2045370192325434, "dominant_emotion_ratio": 0.7385712013094358, "emotion_entropy": 1.0369593048585806}