{"eye_contact_duration": 0.5254207393077364, "head_turn_frequency": 4.57225510791866, "movement_intensity": 0.7898415793351798, "body_sway_index": 0.3056146574256295, "gesture_count": 12}