{"avg_confidence": 0.7327385345979702, "neutral_ratio": 0.6464447282170698, "emotion_variance": 0.2546670924063661, "dominant_emotion_ratio": 0.5601083491524098, "emotion_entropy": 1.146422221482239}