{"eye_contact_duration": 0.17229580792357663, "head_turn_frequency": 7.368892722470333, "movement_intensity": 0.38914946932612393, "body_sway_index": 0.36284543591793383, "gesture_count": 7}