{"avg_confidence": 0.5827341821726535, "neutral_ratio": 0.781255591289342, "emotion_variance": 0.18445634945129077, "dominant_emotion_ratio": 0.6989032477739682, "emotion_entropy": 0.6824965850065907}