{"avg_confidence": 0.6156058323417931, "neutral_ratio": 0.8083347147906942, "emotion_variance": 0.15680942936615333, "dominant_emotion_ratio": 0.6851492585475587, "emotion_entropy": 0.9576821800666628}