{"avg_confidence": 0.6520795425285154, "neutral_ratio": 0.7733529535400187, "emotion_variance": 0.29024278858571007, "dominant_emotion_ratio": 0.5382154646687063, "emotion_entropy": 1.0346334195816684}