{"eye_contact_duration": 0.2160156138020039, "head_turn_frequency": 6.915260802364443, "movement_intensity": 0.33905424764866, "body_sway_index": 0.3615397077071274, "gesture_count": 6}